NHLid,Last Name,First Name,Position,Team
8476805,Abbott,Spencer,LW,CHI
8471716,Abdelkader,Justin,LW/RW,DET
8476857,Aberg,Pontus,LW,NSH
8478569,Acciari,Noel,C,BOS
8475844,Agostino,Kenny,LW,STL
8478427,Aho,Sebastian,RW/LW,CAR
8473991,Alzner,Karl,D,WSH
8476981,Anderson,Josh,RW,CBJ
8478397,Andersson,Rasmus,D,CGY
8476404,Andreoff,Andy,LW/C,L.A
8477413,Andrighetto,Sven,RW,COL/MTL
8473573,Anisimov,Artem,C/LW,CHI
8476326,Archibald,Josh,RW,PIT
8476469,Armia,Joel,RW,WPG
8478042,Arvidsson,Viktor,LW/RW,NSH
8476960,Athanasiou,Andreas,C,DET
8474715,Atkinson,Cam,RW,CBJ
8477041,Austin,Brady,D,BUF
8479483,Auvitu,Yohann,D/LW,N.J
8470655,Backes,David,RW/C,BOS
8474150,Backlund,Mikael,C,CGY
8473563,Backstrom,Nicklas,C,WSH
8476466,Baertschi,Sven,LW,VAN
8478376,Bailey,Casey,RW/C,OTT
8474573,Bailey,Josh,RW/LW/C,NYI
8477473,Bailey,Justin,RW,BUF
8477491,Baptiste,Nicholas,RW,BUF
8477964,Barbashev,Ivan,C,STL
8477003,Barber,Riley,RW,WSH
8474717,Barberio,Mark,D,COL/MTL
8477493,Barkov,Aleksander,C,FLA
8475197,Barrie,Tyson,D,COL
8474749,Bartkowski,Matt,D,CGY
8478445,Barzal,Mathew,C,NYI
8471760,Bass,Cody,C,NSH
8474291,Beagle,Jay,C/RW,WSH
8467400,Beauchemin,Francois,D,COL
8476470,Beaulieu,Nathan,D,MTL
8478463,Beauvillier,Anthony,C/LW,NYI
8475192,Beck,Taylor,LW,EDM/NYR
8473492,Beleskey,Matt,LW,BOS
8477930,Bellemare,Pierre-Edouard,LW/C,PHI
8473994,Benn,Jamie,LW,DAL
8474818,Benn,Jordie,D,DAL/MTL
8475761,Bennett,Beau,RW/LW,N.J
8477935,Bennett,Sam,C,CGY
8476988,Benning,Matthew,D,EDM
8470638,Bergeron,Patrice,C,BOS
8473534,Berglund,Patrik,C/LW,STL
8477006,Bertschy,Christoph,C,MIN
8477479,Bertuzzi,Tyler,LW,DET
8471254,Bickell,Bryan,LW,CAR
8473415,Biega,Alex,D,VAN
8469598,Bieksa,Kevin,D,ANA
8475868,Bitetto,Anthony,D,NSH
8477416,Bjorkstrand,Oliver,RW,CBJ
8475760,Bjugstad,Nick,C,FLA
8477010,Blandisi,Joseph,LW/C,N.J
8477320,Blidh,Anton,LW,BOS
8471663,Blunden,Mike,RW,OTT
8474571,Boedker,Mikkel,LW/RW,S.J
8478444,Boeser,Brock,RW,VAN
8474567,Bogosian,Zach,D,BUF
8471766,Boll,Jared,RW,ANA
8474009,Bonino,Nick,C,PIT
8474697,Borowiecki,Mark,D,OTT
8474145,Bortuzzo,Robert,D,STL
8476423,Boucher,Reid,C/LW,N.J/NSH/VAN
8474642,Bouma,Lance,C/LW/RW,CGY
8475739,Bournival,Michael,LW,T.B
8475268,Bourque,Gabriel,LW/RW,COL
8471504,Bourque,Rene,RW/LW,COL
8470151,Bouwmeester,Jay,D,STL
8470187,Boychuk,Johnny,D,NYI
8470619,Boyle,Brian,C/LW,T.B/TOR
8475098,Bozak,Tyler,C,TOR
8473544,Brassard,Derick,C,OTT
8474027,Braun,Justin,D,S.J
8474673,Brodie,T.J.,D,CGY
8476463,Brodin,Jonas,D,MIN
8470803,Brodziak,Kyle,C,STL
8477380,Brodzinski,Jonny,C,L.A
8471426,Brouwer,Troy,RW,CGY
8477015,Brown,Connor,RW,TOR
8470606,Brown,Dustin,RW/LW,L.A
8476806,Brown,J.T.,RW,T.B
8477887,Brown,Patrick,C,CAR
8477402,Buchnevich,Pavel,RW/LW,NYR
8477444,Burakovsky,Andre,LW/C,WSH
8475982,Burgdoerfer,Erik,D,BUF
8475788,Burmistrov,Alex,C/RW,ARI/WPG
8470613,Burns,Brent,D/RW,S.J
8470358,Burrows,Alex,LW/RW,OTT/VAN
8471761,Butler,Chris,D,STL
8470834,Byfuglien,Dustin,D/RW,WPG
8474038,Byron,Paul,LW/C/RW,MTL
8479465,Caggiula,Drake,LW/C,EDM
8475296,Callahan,Mitch,RW,DET
8471339,Callahan,Ryan,RW,T.B
8474685,Calvert,Matt,LW,CBJ
8469500,Cammalleri,Mike,LW/C,N.J
8466285,Campbell,Brian,D,CHI
8476219,Cannone,Patrick,C,MIN
8474008,Carey,Paul,C,WSH
8470640,Carle,Matt,D,NSH
8478443,Carlo,Brandon,D,BOS
8474590,Carlson,John,D,WSH
8478506,Carlsson,Gabriel,D,CBJ
8477846,Carpenter,Ryan,C,S.J
8477901,Carr,Daniel,LW,MTL
8476941,Carrick,Connor,D,TOR
8478851,Carrier,Alex,D,NSH
8477478,Carrier,William,LW,BUF
8470604,Carter,Jeff,C/RW,L.A
8476879,Ceci,Cody,D,OTT
8477417,Cehlarik,Peter,LW/RW,BOS
8478469,Chabot,Thomas,D,OTT
8475808,Chaput,Michael,C,VAN
8465009,Chara,Zdeno,D,BOS
8475279,Chiarot,Ben,D,WPG
8475163,Chiasson,Alex,RW,CGY
8466251,Chimera,Jason,LW/RW,NYI
8471710,Chorney,Taylor,D,WSH
8479345,Chychrun,Jakob,D,ARI
8475231,Cizikas,Casey,C,NYI
8476368,Claesson,Fredrik,D,OTT
8476431,Clendening,Adam,D,NYR
8475160,Clifford,Kyle,LW/C,L.A
8473504,Clutterbuck,Cal,RW,NYI
8470601,Coburn,Braydon,D,T.B
8471699,Cogliano,Andrew,LW/C/RW,ANA
8474577,Colborne,Joe,C/LW/RW,COL
8474013,Cole,Ian,D,PIT
8476399,Coleman,Blake,C/LW,N.J
8471260,Comeau,Blake,LW/RW,COL
8477456,Compher,J.T.,LW/C,COL
8476195,Conacher,Cory,C/LW,T.B
8473588,Condra,Erik,RW,T.B
8475246,Connauton,Kevin,D,ARI
8475792,Connolly,Brett,RW/LW,WSH
8478398,Connor,Kyle,LW,WPG
8477429,Copp,Andrew,C,WPG
8476302,Corrado,Frank,D,PIT/TOR
8476393,Cousins,Nick,C/LW,PHI
8474053,Couture,Logan,C/LW,S.J
8476461,Couturier,Sean,C,PHI
8475745,Coyle,Charlie,C/RW,MIN
8471490,Cracknell,Adam,RW/C,DAL
8476390,Cramarossa,Joseph,C/LW,ANA/VAN
8471675,Crosby,Sidney,C,PIT
8478474,Crouse,Lawson,LW,ARI
8464989,Cullen,Matt,C/LW,PIT
8478512,Czarnik,Austin,C,BOS
8476403,Dahlbeck,Klas,D,CAR
8470110,Daley,Trevor,D,PIT
8474610,Dalpe,Zac,C,MIN
8476479,Danault,Phillip,LW/C,MTL
8477448,Dano,Marko,C/LW/RW,WPG
8477460,Dauphin,Laurent,C,ARI
8475869,Davidson,Brandon,D,EDM/MTL
8475177,de Haan,Calvin,D,NYI
8477455,De la Rose,Jacob,LW,MTL
8477520,Dea,Jean-Sebastien,C,PIT
8477950,Deangelo,Anthony,D,ARI
8477215,DeKeyser,Danny,D,DET
8474584,Del Zotto,Michael,D,PHI
8476331,Demelo,Dylan,D,S.J
8474218,Demers,Jason,D,FLA
8471976,Desharnais,David,C,EDM/MTL
8471956,Desjardins,Andrew,LW/C,CHI
8475235,Deslauriers,Nicolas,LW,BUF
8475155,Despres,Simon,D,ANA
8476858,Di Giuseppe,Phillip,LW,CAR
8477450,Dickinson,Jason,C,DAL
8474018,Didomenico,Chris,C/RW,OTT
8475455,Dillon,Brenden,D,S.J
8462038,Doan,Shane,RW/LW,ARI
8477503,Domi,Max,LW/C,ARI
8475820,Donskoi,Joonas,RW,S.J
8473432,Dorsett,Derek,RW,VAN
8477009,Dotchin,Jake,D,T.B
8474563,Doughty,Drew,D,L.A
8475343,Dowd,Nic,C,L.A
8475413,Dowling,Justin,C,DAL
8477934,Draisaitl,Leon,C,EDM
8477494,Drouin,Jonathan,LW,T.B
8471273,Dubinsky,Brandon,C/LW,CBJ
8475168,Duchene,Matt,C/LW,COL
8477407,Duclair,Anthony,LW/RW,ARI
8476856,Dumba,Matt,D,MIN
8475254,Dumont,Gabriel,C,T.B
8475208,Dumoulin,Brian,D,PIT
8477989,Dvorak,Christian,C/LW,ARI
8476288,Dzingel,Ryan,LW/RW/C,OTT
8475236,Eakin,Cody,C,DAL
8470622,Eaves,Patrick,RW/LW,ANA/DAL
8474586,Eberle,Jordan,RW/C,EDM
8471303,Edler,Alex,D,VAN
8476441,Edmundson,Joel,D,STL
8477940,Ehlers,Nikolaj,LW,WPG
8478403,Eichel,Jack,C,BUF
8477932,Ekblad,Aaron,D,FLA
8475218,Ekholm,Mattias,D,NSH
8475171,Ekman-Larsson,Oliver,D,ARI
8477461,Elie,Remi,LW,DAL
8474189,Eller,Lars,C/LW/RW,WSH
8475176,Ellis,Ryan,D,NSH
8471296,Emelin,Alexei,D,MTL
8468674,Engelland,Deryk,D,CGY
8477971,Englund,Andreas,D,OTT
8474589,Ennis,Tyler,LW/C/RW,BUF
8470828,Enstrom,Tobias,D,WPG
8470318,Ericsson,Jonathan,D,DET
8470626,Eriksson,Loui,LW/C,VAN
8478493,Eriksson Ek,Joel,C/RW/LW,MIN
8477454,Erne,Adam,LW,T.B
8475770,Etem,Emerson,LW/RW,ANA
8477952,Fabbri,Robby,C/LW,STL
8476889,Faksa,Radek,C,DAL
8473992,Falk,Justin,D,BUF
8476769,Farnham,Bobby,RW,MTL
8477392,Fasching,Hudson,RW,BUF
8475855,Fast,Jesper,RW/LW,NYR
8475753,Faulk,Justin,D,CAR
8471816,Fayne,Mark,D,EDM
8476166,Fedun,Taylor,D,BUF
8470611,Fehr,Eric,C/RW,PIT/TOR
8475907,Ferland,Micheal,LW/RW,CGY
8477942,Fiala,Kevin,LW,NSH
8469759,Fiddler,Vernon,C/LW,N.J/NSH
8470047,Filppula,Valtteri,C/LW,PHI/T.B
8478432,Fischer,Christian,RW,ARI
8467370,Fisher,Mike,C,NSH
8476808,Flynn,Brian,C/RW,MTL
8475220,Foligno,Marcus,LW,BUF
8473422,Foligno,Nick,LW/RW,CBJ
8477850,Folin,Christian,D,MIN
8475762,Forbort,Derek,D,L.A
8478417,Forsbacka Karlsson,Jakob,C,BOS
8476887,Forsberg,Filip,LW/C/RW,NSH
8478055,Forsling,Gustav,D,CHI
8475764,Fowler,Cam,D,ANA
8471742,Franson,Cody,D,BUF
8476924,Frk,Martin,RW,CAR
8475278,Froese,Byron,C,T.B/TOR
8473564,Frolik,Michael,RW/C,CGY
8468483,Gaborik,Marian,RW,L.A
8476545,Gabriel,Kurtis,RW,MIN
8474040,Gagner,Sam,C/RW,CBJ
8476851,Galchenyuk,Alex,C/LW,MTL
8475848,Gallagher,Brendan,RW,MTL
8476116,Garbutt,Ryan,C/LW,ANA
8474581,Gardiner,Jake,D,TOR
8474520,Garrison,Jason,D,T.B
8477715,Gaudet,Tyler,C,ARI
8477919,Gaudreau,Frederick,C,NSH
8476346,Gaudreau,Johnny,LW,CGY
8476867,Gaunce,Brendan,C/LW,VAN
8474611,Gaunce,Cameron,D,PIT
8477512,Gauthier,Frederik,C,TOR
8473989,Gazdic,Luke,LW,N.J
8475199,Gelinas,Eric,D,COL
8470612,Getzlaf,Ryan,C,ANA
8470104,Gilbert,Tom,D,L.A
8467407,Gionta,Brian,RW,BUF
8472410,Gionta,Stephen,RW/C,NYI
8470966,Giordano,Mark,D,CGY
8471958,Girardi,Dan,D,NYR
8476878,Girgensons,Zemgus,C/LW,BUF
8473512,Giroux,Claude,C/RW,PHI
8470854,Glass,Tanner,LW,NYR
8476822,Glendening,Luke,C/RW/LW,DET
8477958,Goldobin,Nikolay,RW/LW,S.J/VAN
8471274,Goligoski,Alex,D,ARI
8474597,Goloubef,Cody,D,COL
8476624,Goodrow,Barclay,RW/C,S.J
8470159,Gordon,Boyd,C/RW,PHI
8470324,Gorges,Josh,D,BUF
8476906,Gostisbehere,Shayne,D,PHI
8476826,Gourde,Yanni,C,T.B
8473546,Grabner,Michael,RW,NYR
8475774,Granberg,Petter,D,NSH
8476440,Granlund,Markus,C,VAN
8475798,Granlund,Mikael,C,MIN
8474683,Grant,Derek,C,BUF/NSH
8476344,Graovac,Tyler,C,MIN
8475857,Gravel,Kevin,D,L.A
8471242,Green,Mike,D,DET
8472382,Greene,Andy,D,N.J
8470121,Greene,Matt,D,L.A
8478421,Greer,A.J.,LW,COL
8476414,Grenier,Alex,RW,VAN
8476495,Griffith,Seth,C/RW,FLA/TOR
8476888,Grigorenko,Mikhail,C,COL
8476428,Grimaldi,Rocco,C,COL
8471269,Grossmann,Nicklas,D,CGY
8473468,Gryba,Eric,D,EDM
8476891,Grzelcyk,Matt,D,BOS
8475462,Gudas,Radko,D,PHI
8475790,Gudbranson,Erik,D,VAN
8477404,Guentzel,Jake,C/LW,PIT
8478425,Guhle,Brendan,D,BUF
8474125,Gunnarsson,Carl,D,STL
8478495,Gurianov,Denis,RW,DAL
8474176,Hagelin,Carl,LW,PIT
8477462,Hagg,Robert,D,PHI
8468493,Hainsey,Ron,D,CAR/PIT
8474230,Haley,Micheal,C,S.J
8475791,Hall,Taylor,LW/C,N.J
8469465,Hamhuis,Dan,D,DAL
8476462,Hamilton,Dougie,D,CGY
8475878,Hamilton,Freddie,C,CGY
8474612,Hamonic,Travis,D,NYI
8478396,Hanifin,Noah,D,CAR
8477810,Hanley,Joel,D,MTL
8478541,Hannikainen,Markus,LW,CBJ
8471498,Hansen,Jannik,RW,S.J/VAN
8471691,Hanzal,Martin,C,ARI/MIN
8475597,Harper,Shane,RW,FLA
8477433,Harpur,Ben,D,OTT
8476449,Harrington,Scott,D,CBJ
8477451,Hartman,Ryan,LW/RW,CHI
8468486,Hartnell,Scott,LW,CBJ
8477903,Hathaway,Garnet,RW,CGY
8475287,Haula,Erik,C/LW,MIN
8477401,Hayden,John,LW/RW/C,CHI
8474625,Hayes,Jimmy,RW,BOS
8475763,Hayes,Kevin,C/RW,NYR
8475167,Hedman,Victor,D,T.B
8475841,Heed,Tim,D,S.J
8478046,Heinen,Danton,C,BOS
8475274,Helgeson,Seth,D,N.J
8471794,Helm,Darren,C,DET
8469466,Hemsky,Ales,RW,DAL
8468611,Hendricks,Matt,LW/C,EDM
8476511,Henley,Samuel,C/RW,COL
8474641,Henrique,Adam,C,N.J
8476881,Hertl,Tomas,C/RW,S.J
8474066,Hickey,Thomas,D,NYI
8476994,Hinostroza,Vinnie,LW/C,CHI
8471769,Hjalmarsson,Niklas,D,CHI
8477959,Ho-Sang,Joshua,RW/C,NYI
8474884,Hoffman,Mike,LW/C,OTT
8474207,Holden,Nick,D,NYR
8475180,Holland,Peter,C,ARI/TOR
8473560,Holzer,Korbinian,D,ANA
8477945,Honka,Julius,D,DAL
8471887,Hornqvist,Patric,RW,PIT
8477500,Horvat,Bo,C,VAN
8466148,Hossa,Marian,RW,CHI
8475769,Howden,Quinton,C/LW/C,WPG
8475949,Hrivik,Marek,LW/C/RW,NYR
8476456,Huberdeau,Jonathan,LW/C,FLA
8470201,Hudler,Jiri,RW/LW,DAL
8476948,Hudon,Charles,LW,MTL
8476779,Hunt,Brad,D,NSH/STL
8471436,Hunwick,Matt,D,TOR
8477018,Hutton,Ben,D,VAN
8475786,Hyman,Zach,C/RW/LW,TOR
8462042,Iginla,Jarome,RW,COL/L.A
8475625,Irwin,Matt,D,NSH
8448208,Jagr,Jaromir,RW,FLA
8476873,Jankowski,Mark,C,CGY
8475714,Jarnkrok,Calle,C,NSH
8476436,Jaskin,Dmitrij,RW/LW,STL
8476432,Jenner,Boone,C/LW,CBJ
8475324,Jensen,Nick,D,DET
8476482,Jensen,Nicklas,RW/LW,NYR
8475793,Johansen,Ryan,C/RW,NSH
8475149,Johansson,Marcus,LW/C/RW,WSH
8475730,Johns,Stephen,D,DAL
8473446,Johnson,Erik,D,COL
8471677,Johnson,Jack,D,CBJ
8474870,Johnson,Tyler,C,T.B
8478963,Johnston,Ryan,D,MTL
8469638,Jokinen,Jussi,LW/RW/C,FLA
8476279,Jokipakka,Jyrki,D,CGY/OTT
8477881,Jones,Connor,C/LW,NYI
8477495,Jones,Seth,D,CBJ
8477591,Jooris,Josh,RW/C,ARI/NYR
8475185,Josefson,Jacob,C/LW,N.J
8474600,Josi,Roman,D,NSH
8479370,Jost,Tyson,C/LW/RW,COL
8476430,Jurco,Tomas,LW/RW,CHI/DET
8475172,Kadri,Nazem,C,TOR
8478566,Kalinin,Sergey,C/RW,N.J
8477973,Kamenev,Vladislav,LW/C,NSH
8474000,Kampfer,Steven,D,FLA/NYR
8475169,Kane,Evander,LW,BUF
8474141,Kane,Patrick,RW/C,CHI
8477953,Kapanen,Kasperi,RW,TOR
8480081,Kapla,Michael,D,N.J
8474578,Karlsson,Erik,D,OTT
8477922,Karlsson,Melker,C/RW,S.J
8476448,Karlsson,William,C,CBJ
8478131,Kase,Ondrej,RW,ANA
8475178,Kassian,Zack,RW,EDM
8471996,Kearns,Bracken,C,NYI
8470281,Keith,Duncan,D,CHI
8479343,Keller,Clayton,C/LW,ARI
8467967,Kelly,Chris,C/LW,OTT
8477960,Kempe,Adrian,LW/C,L.A
8479482,Kempny,Michal,D,CHI
8476866,Kerdiles,Nicolas,LW,ANA
8478528,Kero,Tanner,C/RW,CHI
8470616,Kesler,Ryan,C/RW,ANA
8473548,Kessel,Phil,RW/C,PIT
8476915,Khaira,Jujhar,LW,EDM
8473986,Killorn,Alex,LW/C,T.B
8471693,Kindl,Jakub,D,FLA
8474100,King,Dwight,LW/RW,L.A/MTL
8476472,Klefbom,Oscar,D,EDM
8470630,Klein,Kevin,D,NYR
8475906,Klingberg,John,D,DAL
8476886,Koekkoek,Slater,D,T.B
8469459,Koivu,Mikko,C,MIN
8473463,Komarov,Leo,C/LW,TOR
8478439,Konecny,Travis,C/LW,PHI
8471685,Kopitar,Anze,C,L.A
8471232,Korpikoski,Lauri,LW/RW,CBJ/DAL
8479290,Kossila,Kalle,LW/C,ANA
8475184,Kreider,Chris,LW/C,NYR
8471276,Krejci,David,C,BOS
8468509,Kronwall,Niklas,D,DET
8476792,Krug,Torey,D,BOS
8475323,Kruger,Marcus,C,CHI
8476453,Kucherov,Nikita,RW,T.B
8475832,Kuhnhackl,Tom,RW,PIT
8476967,Kulak,Brett,D,CGY
8473579,Kulemin,Nikolay,LW/RW,NYI
8475179,Kulikov,Dmitry,D,BUF
8470543,Kunitz,Chris,LW,PIT
8476374,Kuraly,Sean,C,BOS
8475744,Kuznetsov,Evgeny,C/LW,WSH
8478099,Labanc,Kevin,RW,S.J
8476425,Labate,Joseph,C,VAN
8471217,Ladd,Andrew,LW,NYI
8476983,Ladue,Paul,D,L.A
8479339,Laine,Patrik,RW,WPG
8475165,Lander,Anton,C/LW/RW,EDM
8476455,Landeskog,Gabriel,LW,COL
8479250,Lappin,Nick,RW,N.J
8477946,Larkin,Dylan,C/LW,DET
8474707,Larsen,Philip,D,VAN
8476457,Larsson,Adam,D,EDM
8478491,Larsson,Jacob,D,ANA
8475728,Larsson,Johan,C/LW,BUF
8474873,Lashoff,Brian,D,DET
8476872,Laughton,Scott,C/LW,PHI
8477508,Lazar,Curtis,C/RW,CGY/OTT
8475181,Leddy,Nick,D,NYI
8475314,Lee,Anders,LW/C,NYI
8477476,Lehkonen,Artturi,LW,MTL
8474627,Lehtera,Jori,C,STL
8476955,Leier,Taylor,LW,PHI
8476410,Leivo,Josh,LW,TOR
8478004,Lernout,Brett,D,MTL
8471724,Letang,Kris,D,PIT
8473914,Letestu,Mark,C/RW,EDM
8473453,Lewis,Trevor,C/RW/LW,L.A
8475436,Liambas,Mike,LW,NSH
8468639,Liles,John-Michael,D,BOS
8475715,Lindberg,Oscar,C,NYR
8476989,Lindbohm,Petteri,D,STL
8476902,Lindell,Esa,D,DAL
8478073,Lindholm,Anton,D,COL
8477496,Lindholm,Elias,C/RW,CAR
8476854,Lindholm,Hampus,D,ANA
8473412,Little,Bryan,C/RW,WPG
8478371,Lorito,Matt,LW/RW,DET
8473933,Lovejoy,Ben,D,N.J
8476392,Lowry,Adam,C/LW,WPG
8473473,Lucic,Milan,LW,EDM
8479648,Lyubimov,Roman,LW,PHI
8476874,Maatta,Olli,D,PIT
8470667,MacArthur,Clarke,LW,OTT
8473584,MacDonald,Andrew,D,PHI
8468001,MacKenzie,Derek,C/LW,FLA
8477492,MacKinnon,Nathan,C/RW,COL
8478843,Malgin,Denis,C,FLA
8471215,Malkin,Evgeni,C/RW,PIT
8477391,Malone,Sean,C,BUF
8475430,Manning,Brandon,D,PHI
8476312,Manson,Josh,D,ANA
8477511,Mantha,Anthony,RW,DET
8473419,Marchand,Brad,LW/C,BOS
8476289,Marchenko,Alexey,D,DET/TOR
8476539,Marchessault,Jonathan,C,FLA
8475716,Marincin,Martin,D,TOR
8467496,Markov,Andrei,D,MTL
8466139,Marleau,Patrick,LW/C,S.J
8478483,Marner,Mitchell,C/RW,TOR
8474034,Maroon,Patrick,LW,EDM
8474709,Martin,Matt,LW/RW,TOR
8468542,Martin,Paul,D,S.J
8474166,Martinez,Alec,D,L.A
8476921,Martinook,Jordan,LW/C,ARI
8478561,Martinsen,Andreas,LW/C,COL/MTL
8476875,Matheson,Michael,D,FLA
8479318,Matthews,Auston,C,TOR
8473574,Matthias,Shawn,LW/C,WPG
8476429,Mayfield,Scott,D,NYI
8473571,McBain,Jamie,D,ARI
8476931,McCabe,Jake,D,BUF
8477955,McCann,Jared,C,FLA
8477446,McCarron,Michael,RW/C,MTL
8469508,McClement,Jay,C,CAR
8476323,McCormick,Max,RW/LW/C,OTT
8477452,McCoshen,Ian,D,FLA
8478402,McDavid,Connor,C,EDM
8474151,McDonagh,Ryan,D,NYR
8470644,McDonald,Colin,RW/C,PHI
8477091,McEneny,Evan,D,VAN
8476934,McGinn,Brock,LW,CAR
8473465,McGinn,Jamie,LW/RW,ARI
8475795,McIlrath,Dylan,D,FLA/NYR
8475735,McKegg,Greg,C,FLA/T.B
8475310,McKenzie,Curtis,LW,DAL
8471657,McLeod,Cody,LW/RW,COL/NSH
8475188,McNabb,Brayden,D,L.A
8476471,McNeill,Mark,C/RW,DAL
8471717,Mcquaid,Adam,D,BOS
8475263,Megan,Wade,C,STL
8477034,Megna,Jaycob,D,ANA
8477126,Megna,Jayson,C,VAN
8478414,Meier,Timo,RW,S.J
8475815,Melchiori,Julian,D,WPG
8475750,Merrill,Jon,D,N.J
8470760,Methot,Marc,D,OTT
8470599,Michalek,Milan,LW/RW,TOR
8469760,Michalek,Zbynek,D,ARI
8477947,Milano,Sonny,LW,CBJ
8476525,Miller,Colin,D,BOS
8470778,Miller,Drew,LW/RW,DET
8476468,Miller,J.T.,LW/RW/C,NYR
8476191,Miller,Kevan,D,BOS
8475291,Mitchell,Garrett,RW,WSH
8470750,Mitchell,John,C,COL
8471338,Mitchell,Torrey,C/RW,MTL
8476619,Mitchell,Zack,RW,MIN
8479969,Molino,Griffen,C,VAN
8477497,Monahan,Sean,C,CGY
8477986,Montour,Brandon,D,ANA
8468575,Moore,Dominic,C/LW,BOS
8475186,Moore,John,D,N.J
8477502,Morin,Samuel,D,PHI
8477504,Morrissey,Josh,D,WPG
8476476,Morrow,Joe,D,BOS
8477353,Motte,Tyler,LW/C,CHI
8470852,Moulson,Matt,LW,BUF
8477509,Mueller,Mirco,D,S.J
8476473,Murphy,Connor,D,ARI
8476465,Murphy,Ryan,D,CAR
8476850,Murray,Ryan,D,CBJ
8474162,Muzzin,Jake,D,L.A
8474574,Myers,Tyler,D,WPG
8478562,Nakladal,Jakub,D,CAR
8476480,Namestnikov,Vladislav,C/LW,T.B
8470041,Nash,Rick,RW/LW,NYR
8474062,Nash,Riley,C/RW,BOS
8471707,Neal,James,RW/LW,NSH
8467493,Neil,Chris,RW,OTT
8475754,Nelson,Brock,C/LW,NYI
8479268,Nelson,Casey,D,BUF
8475747,Nemeth,Patrik,D,DAL
8474604,Ness,Aaron,D,WSH
8476300,Nesterov,Nikita,D,MTL/T.B
8475250,Nestrasil,Andrej,C/RW/LW,CAR
8475799,Niederreiter,Nino,RW,MIN
8470144,Nielsen,Frans,C,DET
8476442,Nieto,Matt,LW/RW,COL/S.J
8476922,Nieves,Cristoval,C/LW,NYR
8471702,Niskanen,Matt,D,WSH
8476474,Noesen,Stefan,RW,ANA/N.J
8478031,Nogier,Nelson,D,WPG
8475325,Nolan,Jordan,C/LW/RW,L.A
8475807,Nordstrom,Joakim,LW/C,CAR
8477931,Nosek,Tomas,LW/C,DET
8476454,Nugent-Hopkins,Ryan,C,EDM
8477498,Nurse,Darnell,D,EDM
8478906,Nutivaara,Markus,D,CBJ
8479423,Nylander,Alex,RW/LW,BUF
8477939,Nylander,William,C/RW,TOR
8474679,Nyquist,Gustav,RW/C/LW,DET
8477070,O'Brien,Liam,C/LW,WSH
8476303,O'Gara,Rob,D,BOS
8476982,O'Regan,Daniel,C/LW,S.J
8471811,O'Reilly,Cal,C,BUF
8475158,O'Reilly,Ryan,C/LW/RW,BUF
8469665,Oduya,Johnny,D,CHI/DAL
8477851,Oesterle,Jordan,D,EDM
8473449,Okposo,Kyle,RW,BUF
8476467,Oleksiak,Jamie,D,DAL
8476162,Oleksy,Steve,D,PIT
8477467,Olofsson,Gustav,D,MIN
8475200,Orlov,Dmitry,D,WSH
8468498,Orpik,Brooks,D,WSH
8471698,Oshie,T.J.,RW/C,WSH
8468505,Ott,Steve,C/LW,DET/MTL
8476443,Ouellet,Xavier,D,DET
8471214,Ovechkin,Alex,LW/RW,WSH
8475175,Paajarvi,Magnus,LW,STL
8474157,Pacioretty,Max,LW,MTL
8476419,Pageau,Jean-Gabriel,C,OTT
8476336,Pakarinen,Iiro,RW,EDM
8476292,Palat,Ondrej,LW,T.B
8475151,Palmieri,Kyle,RW/C/LW,N.J
8478550,Panarin,Artemi,LW/C,CHI
8475209,Panik,Richard,RW/LW,CHI
8476975,Paquette,Cedric,C/LW,T.B
8476892,Parayko,Colton,D,STL
8471385,Pardy,Adam,D,NSH
8469707,Parenteau,PA,RW,N.J/NSH
8470610,Parise,Zach,LW,MIN
8477956,Pastrnak,David,RW/LW,BOS
8474688,Pateryn,Greg,D,DAL/MTL
8477426,Paul,Nick,LW/C,OTT
8470794,Pavelski,Joe,C/RW,S.J
8476871,Pearson,Tanner,LW,L.A
8476285,Peca,Matthew,C,T.B
8476917,Pelech,Adam,D,NYI
8477943,Perlini,Brendan,LW,ARI
8473618,Perreault,Mathieu,C/LW,WPG
8474102,Perron,David,LW/RW,STL
8470621,Perry,Corey,RW,ANA
8477488,Pesce,Brett,D,CAR
8477464,Petan,Nic,LW/C,WPG
8475755,Petrovic,Alex,D,FLA
8473507,Petry,Jeff,D,MTL
8470602,Phaneuf,Dion,D,OTT
8476370,Pietila,Blake,LW/C,N.J
8474565,Pietrangelo,Alex,D,STL
8475204,Pirri,Brandon,RW/LW/C,NYR
8475752,Pitlick,Tyler,RW/C,EDM
8469521,Plekanec,Tomas,C,MTL
8478010,Point,Brayden,C,T.B
8471392,Polak,Roman,D,TOR
8469506,Pominville,Jason,RW,MIN
8471331,Porter,Kevin,C,PIT
8474074,Postma,Paul,D,WPG
8479249,Poturalski,Andrew,C,CAR
8471678,Pouliot,Benoit,LW,EDM
8476884,Pouliot,Derrick,D,PIT
8476386,Prince,Shane,LW/C,NYI
8475613,Prosser,Nate,D,MIN
8474774,Prout,Dalton,D,CBJ/N.J
8478500,Provorov,Ivan,D,PHI
8476477,Puempel,Matt,LW,NYR/OTT
8479344,Puljujarvi,Jesse,RW,EDM
8475800,Pulkkinen,Teemu,LW,ARI/MIN
8477506,Pulock,Ryan,D,NYI
8473962,Purcell,Teddy,LW/RW,L.A
8471768,Pyatt,Tom,LW/C,OTT
8475796,Pysyk,Mark,D,FLA
8477961,Quenneville,John,C,N.J
8470724,Quincey,Kyle,D,CBJ/N.J
8476409,Quine,Alan,C,NYI
8471228,Radulov,Alex,RW,MTL
8477290,Raffl,Michael,LW/C,PHI
8476483,Rakell,Rickard,C/RW,ANA
8478420,Rantanen,Mikko,RW,COL
8476437,Rask,Victor,C,CAR
8477929,Rasmussen,Dennis,C,CHI
8476427,Rattie,Ty,RW,CAR/STL
8476415,Rau,Kyle,C,FLA
8471664,Raymond,Mason,LW,ANA
8476177,Read,Matt,RW/LW,PHI
8471817,Reaves,Ryan,RW,STL
8474743,Redmond,Zach,D,MTL
8476422,Reilly,Mike,D,MIN
8477933,Reinhart,Sam,C,BUF
8477916,Rendulic,Borna,RW/C,VAN
8479252,Renouf,Dan,D,DET
8467371,Ribeiro,Mike,C,NSH
8476911,Richard,Tanner,C,T.B
8470755,Richardson,Brad,RW/C,ARI
8476356,Rieder,Tobias,RW/C,ARI
8476853,Rielly,Morgan,D,TOR
8477499,Ristolainen,Rasmus,D,BUF
8476439,Ritchie,Brett,RW,DAL
8477941,Ritchie,Nick,LW,ANA
8477210,Robinson,Buddy,RW,OTT
8475210,Rodin,Anton,RW,VAN
8478542,Rodrigues,Evan,LW/C,BUF
8479291,Rooney,Kevin,C,N.J
8478458,Roslovic,Jack,C,WPG
8474849,Roussel,Antoine,LW,DAL
8477240,Rowney,Carter,RW/C,PIT
8465058,Rozsival,Michal,D,CHI
8477244,Ruhwedel,Chad,D,PIT
8471729,Russell,Kris,D,EDM
8476418,Russo,Robbie,D,DET
8475810,Rust,Bryan,RW,PIT
8471676,Ryan,Bobby,RW/LW,OTT
8478585,Ryan,Derek,C,CAR
8476438,Saad,Brandon,LW/RW,CBJ
8476447,Salomaki,Miikka,RW,NSH
8477482,Sanford,Zach,LW,STL/WSH
8477463,Santini,Steven,D,N.J
8475233,Savard,David,D,CBJ
8474579,Sbisa,Luca,D,VAN
8474618,Scandella,Marco,D,MIN
8474098,Sceviour,Colton,C/RW,FLA
8477213,Schaller,Tim,C,BOS
8476460,Scheifele,Mark,C,WPG
8475170,Schenn,Brayden,C/LW,PHI
8474568,Schenn,Luke,D,ARI
8477957,Scherbak,Nikita,RW,MTL
8473673,Schlemko,David,D,S.J
8476877,Schmaltz,Jordan,D,STL
8477951,Schmaltz,Nick,C/LW,CHI
8477220,Schmidt,Nate,D,WSH
8476766,Schneider,Cole,LW/RW,BUF
8475147,Schroeder,Jordan,C/RW,MIN
8474602,Schultz,Justin,D,PIT
8468513,Schultz,Nick,D,PHI
8475768,Schwartz,Jaden,LW/C,STL
8470607,Seabrook,Brent,D,CHI
8467875,Sedin,Daniel,LW,VAN
8467876,Sedin,Henrik,C,VAN
8476310,Sedlak,Lukas,C/LW,CBJ
8475794,Seguin,Tyler,C/RW,DAL
8469619,Seidenberg,Dennis,D,NYI
8471284,Sekera,Andrej,D,EDM
8479410,Sergachev,Mikhail,D,MTL
8473542,Sestito,Tom,LW,PIT
8471682,Setoguchi,Devin,RW,L.A
8476923,Severson,Damon,D,N.J
8475958,Sgarbossa,Michael,C,ANA/FLA
8469544,Sharp,Patrick,LW/RW/C,DAL
8474031,Shattenkirk,Kevin,D,STL/WSH
8476381,Shaw,Andrew,C/LW/RW,MTL
8476400,Shaw,Logan,C/RW,ANA
8475772,Sheahan,Riley,C,DET
8477839,Sheary,Conor,LW,PIT
8477445,Shinkaruk,Hunter,C/LW,CGY
8476913,Shore,Devin,C,DAL
8475213,Shore,Drew,C,VAN
8476406,Shore,Nick,C,L.A
8476464,Siemens,Duncan,D,COL
8475164,Silfverberg,Jakob,RW/LW,ANA
8474190,Simmonds,Wayne,RW/LW,PHI
8478866,Simon,Dominik,C,PIT
8476416,Simpson,Dillon,D,EDM
8476925,Sissons,Colton,C,NSH
8471681,Skille,Jack,RW,VAN
8475784,Skinner,Jeff,LW/C/RW,CAR
8476869,Skjei,Brady,D,NYR
8476958,Slavin,Jaccob,D,CAR
8477415,Slepyshev,Anton,LW,EDM
8474727,Smith,Ben,RW/C,COL/TOR
8474090,Smith,Brendan,D,DET/NYR
8480083,Smith,C.J.,LW/RW,BUF
8475225,Smith,Craig,RW/LW/C,NSH
8476966,Smith,Gemel,C,DAL
8475191,Smith,Reilly,RW/C/LW,FLA
8473942,Smith,Trevor,C/RW,NSH
8474250,Smith,Zack,C,OTT
8475758,Smith-Pelly,Devante,RW/C/LW,N.J
8471743,Sobotka,Vladimir,LW/C,STL
8471262,Soderberg,Carl,C/LW,COL
8475834,Sorensen,Marcus,RW/LW,S.J
8477466,Sorensen,Nick,RW,ANA
8478373,Soshnikov,Nikita,RW,TOR
8478480,Speers,Blake,C,N.J
8469455,Spezza,Jason,C,DAL
8475727,Spooner,Ryan,C/LW,BOS
8476450,Sproul,Ryan,D,DET
8474716,Spurgeon,Jared,D,MIN
8470595,Staal,Eric,C,MIN
8473533,Staal,Jordan,C/LW,CAR
8471686,Staal,Marc,D,NYR
8471226,Stafford,Drew,RW/LW,BOS/WPG
8470162,Stajan,Matt,C,CGY
8473537,Stalberg,Viktor,LW/RW,CAR/OTT
8474564,Stamkos,Steven,C,T.B
8471669,Stastny,Paul,C,STL
8479442,Stecher,Troy,D,VAN
8470257,Steen,Alex,LW/C,STL
8470740,Stempniak,Lee,RW,CAR
8474613,Stepan,Derek,C,NYR
8476905,Stephenson,Chandler,C,WSH
8473485,Stewart,Chris,RW/LW,MIN
8476798,Stollery,Karl,D,N.J
8475913,Stone,Mark,RW,OTT
8474628,Stone,Michael,D,ARI/CGY
8470886,Stoner,Clayton,D,ANA
8473565,Strait,Brian,D,WPG
8471873,Stralman,Anton,D,T.B
8476043,Street,Ben,C,DET
8468309,Streit,Mark,D,PHI/PIT
8478440,Strome,Dylan,C,ARI
8476458,Strome,Ryan,RW/C,NYI
8470614,Stuart,Mark,D,WPG
8474056,Subban,P.K.,D,NSH
8476897,Sundqvist,Oskar,C,PIT
8477205,Sustr,Andrej,D,T.B
8470600,Suter,Ryan,D,MIN
8474091,Sutter,Brandon,C,VAN
8478431,Svechnikov,Evgeny,RW/LW,DET
8479293,Tanev,Brandon,LW/C/RW,WPG
8475690,Tanev,Chris,D,VAN
8475765,Tarasenko,Vladimir,RW,STL
8475193,Tatar,Tomas,LW/C/RW,DET
8475166,Tavares,John,C,NYI
8476807,Tennyson,Matt,D,CAR
8476882,Teravainen,Teuvo,LW/C/RW,CAR
8474052,Terry,Chris,LW/RW,MTL
8477447,Theodore,Shea,D,ANA
8470775,Thompson,Nate,C,ANA
8476200,Thompson,Paul,RW,FLA
8476526,Thomson,Ben,LW,N.J
8469501,Thorburn,Chris,RW/LW,WPG
8466138,Thornton,Joe,C,S.J
8465978,Thornton,Shawn,LW,FLA
8476919,Tierney,Chris,C,S.J
8479314,Tkachuk,Matthew,LW,CGY
8473604,Toews,Jonathan,C,CHI
8475726,Toffoli,Tyler,C/RW/LW,L.A
8477566,Tolchinsky,Sergey,LW,CAR
8469547,Tootoo,Jordin,RW,CHI
8476389,Trocheck,Vincent,C/RW,FLA
8474130,Tropp,Corey,RW/LW,ANA
8476885,Trouba,Jacob,D,WPG
8477997,Tryamkin,Nikita,D,VAN
8477949,Tuch,Alex,RW,MIN
8474068,Turris,Kyle,C,OTT
8476391,Tynan,T.J.,C/RW,CBJ
8469492,Tyutin,Fedor,D,COL
8470105,Upshall,Scottie,RW/LW,STL
8474037,van Riemsdyk,James,LW,TOR
8477845,van Riemsdyk,Trevor,D,CHI
8471762,VandeVelde,Chris,C/LW,PHI
8470598,Vanek,Thomas,LW/RW,DET/FLA
8475321,Varone,Phil,C,OTT
8475222,Vatanen,Sami,D,ANA
8478366,Vatrano,Frank,C/LW,BOS
8480087,Vecchione,Mike,C/RW,PHI
8468535,Vermette,Antoine,C/LW,ANA
8477326,Vermin,Joel,RW,T.B
8471346,Versteeg,Kris,RW/LW,CGY
8476918,Vesey,Jimmy,LW,NYR
8475223,Vey,Linden,RW/C,CGY
8477937,Virtanen,Jake,RW,VAN
8471709,Vlasic,Marc-Edouard,D,S.J
8474161,Voracek,Jakub,RW,PHI
8477944,Vrana,Jakub,LW,WSH
8468085,Vrbata,Radim,RW,ARI
8475780,Wagner,Chris,C/RW,ANA
8478027,Wallmark,Lucas,C,CAR
8468208,Ward,Joel,RW/C,S.J
8474660,Warsofsky,David,D,PIT
8475766,Watson,Austin,LW,NSH
8475738,Weal,Jordan,C/LW,PHI
8470642,Weber,Shea,D,MTL
8474134,Weber,Yannick,D,NSH
8477346,Weegar,Mackenzie,D,FLA
8474668,Weise,Dale,RW,PHI
8477505,Wennberg,Alex,C,CBJ
8478460,Werenski,Zach,D,CBJ
8471218,Wheeler,Blake,RW,WPG
8478400,White,Colin,C/D,OTT
8473466,White,Ryan,C,ARI/MIN
8475227,Wideman,Chris,D,OTT
8469770,Wideman,Dennis,D,CGY
8474605,Wiercioch,Patrick,D,COL
8468508,Williams,Justin,RW,WSH
8474569,Wilson,Colin,LW/C,NSH
8476293,Wilson,Scott,LW/C,PIT
8476880,Wilson,Tom,RW,WSH
8474739,Wingels,Tommy,C/RW/LW,OTT/S.J
8471476,Winnik,Daniel,LW/C,WSH
8474722,Witkowski,Luke,D,T.B
8477425,Wood,Miles,LW,N.J
8476452,Wotherspoon,Tyler,D,CGY
8476855,Yakupov,Nail,RW/LW,STL
8471735,Yandle,Keith,D,FLA
8478401,Zacha,Pavel,C,N.J
8477507,Zadorov,Nikita,D,COL
8479458,Zaitsev,Nikita,D,TOR
8471233,Zajac,Travis,C,N.J
8477816,Zalewski,Michael,LW/C,VAN
8468083,Zetterberg,Henrik,LW/C,DET
8476459,Zibanejad,Mika,C/RW,NYR
8476158,Zolnierczyk,Harry,LW,NSH
8475692,Zuccarello,Mats,RW/C/LW,NYR
8475722,Zucker,Jason,LW/RW,MIN
8477458,Zykov,Valentin,LW,CAR
